<keymap version="1" name="Default copy" parent="$default">
  <action id="$SearchWeb">
    <keyboard-shortcut first-keystroke="shift ctrl g" />
  </action>
  <action id="AceAction">
    <keyboard-shortcut first-keystroke="alt comma" />
    <keyboard-shortcut first-keystroke="ctrl alt #10000fc" />
  </action>
  <action id="AceLineAction">
    <keyboard-shortcut first-keystroke="ctrl alt comma" />
  </action>
  <action id="AceTargetAction" />
  <action id="ActivateInspectionResultsToolWindow">
    <keyboard-shortcut first-keystroke="alt 8" />
  </action>
  <action id="ActivateInspectionToolWindow">
    <keyboard-shortcut first-keystroke="alt numpad5" />
  </action>
  <action id="ActivateRESTClientToolWindow">
    <keyboard-shortcut first-keystroke="alt 8" />
  </action>
  <action id="Android.RunAndroidAvdManager">
    <keyboard-shortcut first-keystroke="shift divide" />
  </action>
  <action id="Android.RunDdms">
    <keyboard-shortcut first-keystroke="shift multiply" />
  </action>
  <action id="CloseAllEditorsButActive">
    <keyboard-shortcut first-keystroke="altGraph f4" />
  </action>
  <action id="CollapseAll">
    <keyboard-shortcut first-keystroke="ctrl subtract" />
  </action>
  <action id="CollapseAllRegions">
    <keyboard-shortcut first-keystroke="shift ctrl subtract" />
  </action>
  <action id="CollapseBlock" />
  <action id="CollapseRegion">
    <keyboard-shortcut first-keystroke="alt period" />
  </action>
  <action id="CollapseSelection" />
  <action id="CommentByBlockComment">
    <keyboard-shortcut first-keystroke="shift ctrl slash" />
    <keyboard-shortcut first-keystroke="shift ctrl divide" />
    <keyboard-shortcut first-keystroke="ctrl alt 2" />
  </action>
  <action id="CommentByLineComment">
    <keyboard-shortcut first-keystroke="ctrl slash" />
    <keyboard-shortcut first-keystroke="ctrl divide" />
    <keyboard-shortcut first-keystroke="ctrl alt 1" />
  </action>
  <action id="Compare.SameVersion">
    <keyboard-shortcut first-keystroke="ctrl alt number_sign" />
  </action>
  <action id="ContextHelp" />
  <action id="Debugger.RemoveAllBreakpoints">
    <keyboard-shortcut first-keystroke="shift ctrl f9" />
  </action>
  <action id="Editor SearchWeb">
    <keyboard-shortcut first-keystroke="shift ctrl g" />
  </action>
  <action id="EditorBackwardParagraph">
    <keyboard-shortcut first-keystroke="altGraph up" />
  </action>
  <action id="EditorCloneCaretAbove">
    <keyboard-shortcut first-keystroke="shift alt up" />
  </action>
  <action id="EditorCloneCaretBelow">
    <keyboard-shortcut first-keystroke="shift alt down" />
  </action>
  <action id="EditorCodeBlockEnd">
    <keyboard-shortcut first-keystroke="ctrl alt page_down" />
  </action>
  <action id="EditorCodeBlockStart">
    <keyboard-shortcut first-keystroke="ctrl alt page_up" />
  </action>
  <action id="EditorForwardParagraph">
    <keyboard-shortcut first-keystroke="altGraph down" />
  </action>
  <action id="EditorNextWordInDifferentHumpsMode">
    <keyboard-shortcut first-keystroke="altGraph right" />
  </action>
  <action id="EditorNextWordInDifferentHumpsModeWithSelection">
    <keyboard-shortcut first-keystroke="shift altGraph right" />
  </action>
  <action id="EditorPreviousWordInDifferentHumpsMode">
    <keyboard-shortcut first-keystroke="altGraph left" />
  </action>
  <action id="EditorPreviousWordInDifferentHumpsModeWithSelection">
    <keyboard-shortcut first-keystroke="shift altGraph left" />
  </action>
  <action id="ExpandRegion">
    <keyboard-shortcut first-keystroke="shift alt period" />
  </action>
  <action id="ExternalSystem.CollapseAll">
    <keyboard-shortcut first-keystroke="ctrl subtract" />
  </action>
  <action id="Git.Branches">
    <keyboard-shortcut first-keystroke="shift ctrl dead_acute" />
  </action>
  <action id="Git.Commit.And.Push.Executor">
    <keyboard-shortcut first-keystroke="shift ctrl alt k" />
  </action>
  <action id="Git.Pull">
    <keyboard-shortcut first-keystroke="altGraph k" />
  </action>
  <action id="GotoNextBookmark">
    <keyboard-shortcut first-keystroke="ctrl numpad6" />
  </action>
  <action id="GotoPreviousBookmark">
    <keyboard-shortcut first-keystroke="ctrl numpad4" />
  </action>
  <action id="GotoSymbol">
    <keyboard-shortcut first-keystroke="shift ctrl alt n" />
    <keyboard-shortcut first-keystroke="alt n" />
  </action>
  <action id="Images.Editor.ZoomOut">
    <keyboard-shortcut first-keystroke="ctrl subtract" />
  </action>
  <action id="Macro.IndentCheck">
    <keyboard-shortcut first-keystroke="ctrl alt #10000df" />
  </action>
  <action id="Macro.Semicolon@EOL">
    <keyboard-shortcut first-keystroke="ctrl comma" />
  </action>
  <action id="Maven.CollapseAll">
    <keyboard-shortcut first-keystroke="ctrl subtract" />
  </action>
  <action id="MoveEditorToOppositeTabGroup">
    <keyboard-shortcut first-keystroke="ctrl number_sign" />
  </action>
  <action id="MoveLineDown">
    <keyboard-shortcut first-keystroke="alt w" second-keystroke="down" />
  </action>
  <action id="MoveLineUp">
    <keyboard-shortcut first-keystroke="alt w" second-keystroke="up" />
  </action>
  <action id="MoveTabDown">
    <keyboard-shortcut first-keystroke="alt altGraph down" />
  </action>
  <action id="MoveTabRight">
    <keyboard-shortcut first-keystroke="alt altGraph right" />
  </action>
  <action id="NewClass">
    <keyboard-shortcut first-keystroke="shift ctrl alt f" />
  </action>
  <action id="NewProject">
    <keyboard-shortcut first-keystroke="altGraph insert" />
  </action>
  <action id="NextSplitter">
    <keyboard-shortcut first-keystroke="ctrl minus" />
  </action>
  <action id="NextWindow">
    <keyboard-shortcut first-keystroke="shift ctrl minus" />
  </action>
  <action id="OpenFile">
    <keyboard-shortcut first-keystroke="shift ctrl o" />
  </action>
  <action id="Scratch.NewScratch" />
  <action id="Scratch.OpenDefaultScratch" />
  <action id="Scratch.OpenScratchList" />
  <action id="ShowFilePath">
    <keyboard-shortcut first-keystroke="ctrl alt plus" />
  </action>
  <action id="SplitHorizontally">
    <keyboard-shortcut first-keystroke="shift ctrl alt minus" />
  </action>
  <action id="SplitVertically">
    <keyboard-shortcut first-keystroke="ctrl less" />
  </action>
  <action id="SwitchApply">
    <keyboard-shortcut first-keystroke="shift alt enter" />
  </action>
  <action id="SwitchCoverage">
    <keyboard-shortcut first-keystroke="ctrl alt 6" />
  </action>
  <action id="SwitchLeft">
    <keyboard-shortcut first-keystroke="shift alt left" />
  </action>
  <action id="SwitchRight">
    <keyboard-shortcut first-keystroke="shift alt right" />
  </action>
  <action id="XDebugger.MoveWatchDown" />
</keymap>