<keymap version="1" name="KDE active" parent="Default for KDE">
  <action id="$SearchWeb">
    <keyboard-shortcut first-keystroke="ctrl alt space" />
  </action>
  <action id="AceAction">
    <keyboard-shortcut first-keystroke="ctrl semicolon" />
    <keyboard-shortcut first-keystroke="alt comma" />
  </action>
  <action id="AceTargetAction" />
  <action id="ClassNameCompletion" />
  <action id="CloseAllEditorsButActive">
    <keyboard-shortcut first-keystroke="altGraph f4" />
  </action>
  <action id="CloseContent">
    <keyboard-shortcut first-keystroke="ctrl 4" />
    <keyboard-shortcut first-keystroke="ctrl f4" />
  </action>
  <action id="CollapseAll">
    <keyboard-shortcut first-keystroke="ctrl subtract" />
  </action>
  <action id="CollapseAllRegions">
    <keyboard-shortcut first-keystroke="shift ctrl subtract" />
  </action>
  <action id="CollapseBlock" />
  <action id="CollapseExpandableComponent">
    <keyboard-shortcut first-keystroke="shift enter" />
    <keyboard-shortcut first-keystroke="ctrl subtract" />
  </action>
  <action id="CollapseRegion">
    <keyboard-shortcut first-keystroke="ctrl subtract" />
  </action>
  <action id="CollapseRegionRecursively">
    <keyboard-shortcut first-keystroke="ctrl alt subtract" />
  </action>
  <action id="CollapseSelection" />
  <action id="Compare.SameVersion">
    <keyboard-shortcut first-keystroke="ctrl alt number_sign" />
  </action>
  <action id="ContextHelp" />
  <action id="DebugClass">
    <keyboard-shortcut first-keystroke="shift ctrl alt f9" />
  </action>
  <action id="Debugger.RemoveAllBreakpoints">
    <keyboard-shortcut first-keystroke="shift ctrl f9" />
  </action>
  <action id="Debugger.RemoveAllBreakpointsInFile">
    <keyboard-shortcut first-keystroke="alt f9" />
  </action>
  <action id="Editor SearchWeb">
    <keyboard-shortcut first-keystroke="ctrl alt space" />
  </action>
  <action id="EditorBackwardParagraph">
    <keyboard-shortcut first-keystroke="altGraph up" />
  </action>
  <action id="EditorBackwardParagraphWithSelection">
    <keyboard-shortcut first-keystroke="shift altGraph up" />
  </action>
  <action id="EditorCloneCaretAbove">
    <keyboard-shortcut first-keystroke="shift ctrl numpad8" />
  </action>
  <action id="EditorCloneCaretBelow">
    <keyboard-shortcut first-keystroke="shift ctrl numpad2" />
  </action>
  <action id="EditorForwardParagraph">
    <keyboard-shortcut first-keystroke="altGraph down" />
  </action>
  <action id="EditorForwardParagraphWithSelection">
    <keyboard-shortcut first-keystroke="shift altGraph down" />
  </action>
  <action id="EditorNextWordInDifferentHumpsMode">
    <keyboard-shortcut first-keystroke="altGraph right" />
  </action>
  <action id="EditorNextWordInDifferentHumpsModeWithSelection">
    <keyboard-shortcut first-keystroke="shift altGraph right" />
  </action>
  <action id="EditorPreviousWordInDifferentHumpsMode">
    <keyboard-shortcut first-keystroke="altGraph left" />
  </action>
  <action id="EditorPreviousWordInDifferentHumpsModeWithSelection">
    <keyboard-shortcut first-keystroke="shift altGraph left" />
  </action>
  <action id="ExternalSystem.CollapseAll">
    <keyboard-shortcut first-keystroke="ctrl subtract" />
  </action>
  <action id="Git.Branches">
    <keyboard-shortcut first-keystroke="shift ctrl dead_acute" />
  </action>
  <action id="Git.Pull">
    <keyboard-shortcut first-keystroke="altGraph k" />
  </action>
  <action id="GotoNextBookmark">
    <keyboard-shortcut first-keystroke="ctrl numpad6" />
  </action>
  <action id="GotoPreviousBookmark">
    <keyboard-shortcut first-keystroke="ctrl numpad4" />
  </action>
  <action id="GotoSymbol">
    <keyboard-shortcut first-keystroke="alt n" />
  </action>
  <action id="Images.Editor.ZoomOut">
    <keyboard-shortcut first-keystroke="ctrl subtract" />
  </action>
  <action id="MoveEditorToOppositeTabGroup">
    <keyboard-shortcut first-keystroke="ctrl number_sign" />
  </action>
  <action id="MoveTabRight">
    <keyboard-shortcut first-keystroke="ctrl less" />
  </action>
  <action id="NextSplitter">
    <keyboard-shortcut first-keystroke="ctrl minus" />
  </action>
  <action id="NextWindow">
    <keyboard-shortcut first-keystroke="shift ctrl minus" />
  </action>
  <action id="OpenFile">
    <keyboard-shortcut first-keystroke="ctrl #10000d6" />
  </action>
  <action id="ProblemsView.CollapseAll">
    <keyboard-shortcut first-keystroke="ctrl subtract" />
  </action>
  <action id="ProjectView.ShowMembers">
    <keyboard-shortcut first-keystroke="ctrl f12" />
  </action>
  <action id="SelectInProjectView">
    <keyboard-shortcut first-keystroke="ctrl alt 1" />
  </action>
  <action id="ToggleBreakpointEnabled">
    <keyboard-shortcut first-keystroke="ctrl f8" />
  </action>
</keymap>